Transaction_ID,Employee_ID,Payroll_Tax_GBP
TX503887,EMP11597,7316.26
TX502145,EMP11705,3040.74
TX500440,EMP11302,11347.38
TX501876,EMP10158,15382.3
TX503401,EMP10279,1469.2
TX504836,EMP10411,26606.65
TX503763,EMP11886,23380.07
TX504683,EMP10201,40184.96
TX500567,EMP10852,41000.19
TX501342,EMP11543,22944.08
TX503553,EMP10143,7262.51
TX501161,EMP11140,5653.61
TX500463,EMP11222,18989.96
TX504752,EMP11656,71138.9
TX502295,EMP11169,16331.07
TX503971,EMP10111,30029.01
TX500196,EMP11410,978.02
TX504833,EMP11412,2109.62
TX503489,EMP10441,952.61
TX500762,EMP11581,29713.64
TX500076,EMP10908,3313.8
TX505042,EMP10881,22468.43
TX505355,EMP10108,50500.49
TX505898,EMP11643,32652.46
TX500104,EMP11342,7575.66
TX502687,EMP10698,7585.29
TX502866,EMP10732,9740.76
TX501266,EMP10179,6533.27
TX502970,EMP10690,81754.22
TX500588,EMP10994,47004.14
TX505736,EMP11167,14260.86
TX502679,EMP11734,33168.26
TX505587,EMP11271,30923.97
TX503932,EMP11673,4258.12
TX501503,EMP10542,4015.65
TX500551,EMP11306,4645.15
TX503762,EMP11991,1701.17
TX505175,EMP11278,56238.73
TX504934,EMP11418,5581.11
TX505250,EMP11217,6901.8
TX504750,EMP11406,15105.11
TX505265,EMP10961,1616.64
TX502750,EMP10859,9695.38
TX504219,EMP11517,8510.14
TX501714,EMP10212,33611.48
TX500095,EMP11150,18753.44
TX503209,EMP11802,17259.35
TX500764,EMP10240,1118.8
TX500424,EMP10688,1459.81
TX502317,EMP11891,15342.22
TX500224,EMP10016,823.06
TX501226,EMP11816,29739.2
TX504045,EMP10780,675.04
TX504893,EMP11461,6172.95
TX501205,EMP10048,5187.1
TX504933,EMP11536,5582.61
TX505660,EMP10686,24236.22
TX500522,EMP11832,1137.26
TX501190,EMP10579,711.01
TX503399,EMP11896,20650.66
TX501517,EMP10454,24036.27
TX505855,EMP10048,6419.22
TX503633,EMP10508,19540.46
TX504962,EMP10720,14294.8
TX500620,EMP11271,51714.09
TX502361,EMP10603,11631.45
TX505600,EMP11054,9885.95
TX502286,EMP10648,877.41
TX502980,EMP10739,56399.41
TX500891,EMP10385,730.08
TX505081,EMP11585,12432.16
TX502880,EMP10578,8537.36
TX504716,EMP11792,33342.35
TX503312,EMP11683,23470.02
TX501206,EMP11339,5286.99
TX500028,EMP10555,13386.1
TX504559,EMP10028,22056.15
TX502049,EMP10111,6105.35
TX500202,EMP10319,14908.38
TX500495,EMP11729,28806.48
TX502183,EMP10012,17974.56
TX500736,EMP10642,6547.53
TX501429,EMP10812,48040.39
TX502356,EMP10441,4670.8
TX505143,EMP11620,3366.92
TX505658,EMP10336,13237.11
TX503510,EMP11802,6213.05
TX504881,EMP11939,16563.69
TX504411,EMP11221,3945.53
TX503111,EMP11429,21251.4
TX503938,EMP11899,719.37
TX501200,EMP10265,36612.92
TX504308,EMP10019,24324.51
TX500651,EMP11634,30012.07
TX502492,EMP11263,9827.84
TX505180,EMP10370,3271.3
TX504128,EMP11805,3317.21
TX501828,EMP11130,20329.16
TX502939,EMP11027,3421.96
TX501418,EMP11535,18194.63
TX502310,EMP10136,14212.55
TX503112,EMP11112,257.71
TX503044,EMP10949,6990.76
TX501959,EMP11588,30321.92
TX502847,EMP10833,34817.84
TX503344,EMP10257,515.67
TX503129,EMP11686,2531.33
TX505448,EMP10057,69216.21
TX503003,EMP11080,6576.05
TX502156,EMP11650,42334.34
TX500231,EMP10820,3842.38
TX501083,EMP11175,4459.75
TX505060,EMP11839,80970.65
TX500903,EMP10819,0.0
TX505026,EMP10428,15463.54
TX505835,EMP10335,495.51
TX503884,EMP11857,90898.94
TX500007,EMP11089,81392.49
TX503099,EMP11008,44422.87
TX503687,EMP11694,776.68
TX504255,EMP11541,2410.93
TX503433,EMP11028,8845.79
TX500808,EMP11353,36484.08
TX503865,EMP11995,41795.99
TX502508,EMP11273,7884.8
TX501918,EMP10270,25512.32
TX502234,EMP10032,44822.58
TX502011,EMP11517,9283.27
TX505662,EMP10471,2976.33
TX505985,EMP10250,1261.53
TX505980,EMP11426,5537.65
TX504600,EMP10319,15441.34
TX502244,EMP11692,15063.22
TX500493,EMP10768,48424.67
TX503819,EMP10110,10565.97
TX501128,EMP10796,8295.3
TX503998,EMP10134,11391.44
TX501350,EMP10167,22259.15
TX503902,EMP11883,4413.67
TX505461,EMP11598,4956.89
TX504152,EMP11821,62824.5
TX505486,EMP10822,21697.27
TX500156,EMP11687,69761.94
TX502450,EMP11636,27206.34
TX503167,EMP10305,3704.49
TX504299,EMP10651,7384.08
TX503960,EMP10589,11919.41
TX503468,EMP11699,21658.6
TX504373,EMP10655,20017.93
TX501202,EMP11650,4799.9
TX500174,EMP10713,4451.19
TX503228,EMP10323,6698.9
TX502159,EMP10053,67154.92
TX505452,EMP10052,17579.74
TX504386,EMP11057,4811.5
TX504815,EMP11815,78808.23
TX500584,EMP11052,20493.32
TX502377,EMP11994,21205.76
TX503285,EMP11225,136.27
TX504115,EMP10807,5451.61
TX500073,EMP10534,3660.4
TX501085,EMP11007,7009.96
TX500339,EMP11466,30910.34
TX502595,EMP10758,41219.96
TX505884,EMP11166,32960.48
TX504323,EMP11218,8258.25
TX500233,EMP10631,25463.96
TX505367,EMP10694,3694.24
TX501281,EMP10880,8910.08
TX505864,EMP11550,30811.63
TX502135,EMP10321,5801.31
TX504167,EMP10878,31623.99
TX500192,EMP10580,2235.91
TX501861,EMP10921,47611.09
TX503661,EMP11562,44504.2
TX505246,EMP10278,30248.65
TX503588,EMP11550,31778.89
TX500997,EMP10728,4774.15
TX500811,EMP11455,26836.93
TX500589,EMP10518,4760.76
TX504549,EMP11856,7145.18
TX503648,EMP11435,2743.78
TX505495,EMP11122,18283.13
TX503683,EMP11807,61973.37
TX503717,EMP10933,9198.46
TX504631,EMP11152,3353.35
TX504354,EMP10366,27992.97
TX505204,EMP11187,6145.42
TX505320,EMP10104,10372.35
TX505043,EMP10067,25025.48
TX504238,EMP11836,2194.62
TX504457,EMP11812,6239.1
TX502307,EMP10210,1554.46
TX503741,EMP10881,12728.84
TX504978,EMP11045,48967.24
TX504565,EMP11571,36423.36
TX503177,EMP10647,15001.89
TX505693,EMP11806,9847.8
TX500655,EMP10719,11247.5
TX501158,EMP10079,5389.56
TX504388,EMP11199,1193.32
TX505374,EMP10305,14545.49
TX504864,EMP11856,45760.64
TX503995,EMP10461,2723.78
TX500477,EMP11489,4961.89
TX505211,EMP11064,410.27
TX501000,EMP11364,14367.04
TX500942,EMP11102,5834.32
TX504114,EMP11926,17884.89
TX502774,EMP11810,58896.65
TX501542,EMP10556,61691.77
TX503036,EMP10173,4500.89
TX501998,EMP10378,12225.36
TX504063,EMP11781,2935.34
TX501630,EMP10173,11884.65
TX500098,EMP11429,17241.77
TX500457,EMP11255,15069.5
TX501527,EMP10826,5900.44
TX501376,EMP10566,9363.04
TX501739,EMP11430,17482.97
TX501239,EMP10882,9241.45
TX501207,EMP11261,28867.24
TX503870,EMP10293,28110.64
TX500428,EMP11267,3267.48
TX500546,EMP11468,18433.5
TX502706,EMP11568,6533.85
TX500750,EMP10023,11021.65
TX505689,EMP11966,6391.68
TX502656,EMP11271,30817.57
TX501257,EMP10613,8923.79
TX501142,EMP11681,7169.92
TX503694,EMP10376,2845.08
TX504842,EMP11547,15556.27
TX500634,EMP11363,31535.39
TX503439,EMP10128,2217.82
TX500636,EMP11218,5069.59
TX502606,EMP10663,44001.09
TX504159,EMP10015,58398.38
TX505916,EMP10231,54934.79
TX504490,EMP11761,22284.3
TX503249,EMP11209,5775.86
TX505780,EMP10208,793.25
TX505527,EMP10473,14239.08
TX503446,EMP11693,5560.38
TX505579,EMP10563,21045.53
TX501024,EMP10539,7159.12
TX502373,EMP10851,5177.69
TX504509,EMP10600,11850.27
TX502868,EMP11097,26398.42
TX502845,EMP11143,7390.33
TX504953,EMP11319,22107.53
TX500840,EMP10404,19111.57
TX501233,EMP10816,34073.3
TX500334,EMP10937,2383.99
TX503950,EMP11586,18450.16
TX503219,EMP10502,4911.7
TX501592,EMP11892,4624.37
TX504744,EMP10723,46788.05
TX501385,EMP10755,15281.93
TX500639,EMP10122,72670.78
TX501694,EMP10742,6765.46
TX503532,EMP10152,36873.98
TX503638,EMP10607,11220.31
TX505492,EMP11055,9960.41
TX501577,EMP10660,22169.18
TX505103,EMP10529,29369.05
TX500436,EMP11158,4826.83
TX500635,EMP10544,72910.35
TX501804,EMP11853,9614.35
TX501780,EMP11154,11553.02
TX505549,EMP10423,5611.84
TX501757,EMP10216,32476.6
TX504973,EMP11519,29020.05
TX503076,EMP10925,26066.02
TX504712,EMP11173,17617.25
TX504615,EMP10567,3886.5
TX504787,EMP10287,13481.3
TX502068,EMP10995,43034.31
TX502933,EMP10334,11947.8
TX503140,EMP11387,12133.88
TX503792,EMP11242,22306.44
TX504446,EMP10024,60107.36
TX505571,EMP11429,2763.69
TX500177,EMP10810,2419.56
TX504700,EMP11851,21930.15
TX501898,EMP11579,3643.68
TX502353,EMP10839,15199.85
TX500671,EMP11923,11625.24
TX502982,EMP11717,6988.46
TX504020,EMP11189,1786.78
TX501038,EMP11315,3675.09
TX501851,EMP11907,5821.19
TX500166,EMP10364,5996.21
TX504946,EMP10974,6348.79
TX505669,EMP11063,28991.89
TX500565,EMP11653,1543.59
TX504280,EMP11416,73.37
TX505469,EMP11734,5062.31
TX505336,EMP10867,5519.11
TX503955,EMP10266,11854.63
TX505775,EMP10663,1798.78
TX505550,EMP11196,5820.6
TX503711,EMP10899,15684.74
TX504172,EMP11605,5591.72
TX502400,EMP10216,11699.48
TX501353,EMP11761,19395.12
TX501275,EMP10693,6796.24
TX505932,EMP11906,1194.02
TX500240,EMP11101,2326.11
TX503587,EMP10062,10560.72
TX503356,EMP11616,3341.83
TX500145,EMP11572,15982.12
TX500064,EMP10016,18310.42
TX501968,EMP10647,3752.43
TX503046,EMP10054,1148.99
TX501231,EMP10819,42840.81
TX501016,EMP11988,579.4
TX502613,EMP11014,11929.34
TX503087,EMP11341,11035.97
TX503631,EMP11806,14041.97
TX504990,EMP10194,36960.74
TX505819,EMP11246,67867.4
TX505039,EMP10919,7377.47
TX500587,EMP11771,82874.83
TX504690,EMP10091,15020.19
TX502493,EMP10369,2211.94
TX502633,EMP11752,2869.92
TX502559,EMP11180,3301.52
TX500704,EMP11201,1283.52
TX504006,EMP11665,3330.54
TX503710,EMP11150,41220.79
TX501409,EMP11173,1600.64
TX500430,EMP10829,18457.55
TX503701,EMP11120,20416.2
TX504482,EMP11255,6816.5
TX504236,EMP10909,18635.59
TX501081,EMP10051,1261.98
TX503516,EMP10059,1371.28
TX502392,EMP11097,59716.6
TX504387,EMP10599,40684.87
TX503102,EMP10447,185.85
TX501664,EMP11035,5049.36
TX505400,EMP10786,3226.07
TX504562,EMP11998,53831.31
TX504863,EMP11687,61014.19
TX500531,EMP10935,47496.74
TX500501,EMP11783,24216.42
TX502116,EMP10026,15384.31
TX501609,EMP10414,34590.11
TX502264,EMP11606,34131.12
TX504539,EMP10542,321.23
TX504302,EMP11414,3901.02
TX503367,EMP11980,53840.92
TX501903,EMP10009,17248.86
TX505007,EMP10329,43006.09
TX505281,EMP10178,15784.9
TX505073,EMP10531,9277.22
TX505049,EMP10419,7093.45
TX505768,EMP11599,20600.53
TX505243,EMP10007,21741.28
TX502623,EMP10629,21397.28
TX505016,EMP10970,10728.05
TX504667,EMP11381,24806.82
TX503486,EMP11851,28360.86
TX505558,EMP10083,8953.59
TX504177,EMP11801,540.87
TX505454,EMP10476,11829.57
TX505229,EMP11470,2855.08
TX500886,EMP11262,10780.34
TX504684,EMP10963,11659.05
TX500972,EMP11634,31475.62
TX501565,EMP11402,6791.01
TX504644,EMP10689,6250.31
TX504052,EMP11092,11287.13
TX505000,EMP11012,21328.64
TX505363,EMP10023,46892.62
TX503570,EMP10975,11001.98
TX502644,EMP10768,57174.03
TX500970,EMP10728,72664.36
TX500113,EMP11503,2604.04
TX501673,EMP10188,26991.26
TX504212,EMP11890,8636.09
TX502976,EMP11293,14185.75
TX504060,EMP10956,4604.44
TX504250,EMP10896,21711.02
TX502134,EMP10766,3862.79
TX503376,EMP10469,803.34
TX503301,EMP11898,26796.99
TX502797,EMP11950,11211.39
TX500074,EMP10243,14580.41
TX505514,EMP10215,17012.91
TX500678,EMP11691,4609.31
TX501576,EMP10263,75779.45
TX502542,EMP11826,4529.72
TX503430,EMP11102,1324.79
TX505078,EMP11963,38451.43
TX500496,EMP11705,3268.44
TX502006,EMP10778,1502.1
TX503656,EMP11388,24282.86
TX503586,EMP10671,8776.38
TX503504,EMP10547,25729.78
TX502553,EMP11192,2483.22
TX505439,EMP11599,54797.12
TX503601,EMP10705,17632.31
TX501223,EMP11501,16879.52
TX504602,EMP11466,5312.53
TX503771,EMP11027,8009.49
TX503973,EMP10274,31836.4
TX500468,EMP11450,23739.48
TX502219,EMP10765,15523.16
TX505025,EMP11443,5829.77
TX500071,EMP11297,4262.43
TX501099,EMP10675,28036.23
TX505277,EMP11398,43197.36
TX503727,EMP11539,16397.87
TX505737,EMP10777,8884.32
TX500631,EMP11942,63916.72
TX502296,EMP11390,38392.04
TX500921,EMP11635,13223.98
TX505568,EMP10004,15891.72
TX502920,EMP10119,1796.23
TX503230,EMP11097,53605.61
TX501791,EMP99999,1602.67
TX500432,EMP10061,5842.66
TX500461,EMP11760,1865.71
TX500787,EMP10328,16099.1
TX502759,EMP11151,5533.21
TX500200,EMP11385,39545.15
TX503724,EMP10806,27431.79
TX502259,EMP10767,29730.54
TX501633,EMP10712,4067.93
TX501449,EMP11894,3688.92
TX504003,EMP10802,15199.12
TX502323,EMP10232,80709.88
TX503049,EMP10127,36118.3
TX501124,EMP10019,20375.75
TX504343,EMP10593,1889.88
TX502572,EMP10951,1048.09
TX502442,EMP10396,8932.48
TX500656,EMP10035,53227.68
TX504588,EMP11256,34603.6
TX505254,EMP11113,5610.44
TX501767,EMP10816,27574.07
TX505944,EMP10014,49881.86
TX500167,EMP11511,2630.38
TX504715,EMP11548,30740.66
TX501692,EMP11054,15836.67
TX501199,EMP11191,11166.51
TX500398,EMP10297,23521.03
TX503333,EMP11565,4219.37
TX502494,EMP11741,29823.69
TX503282,EMP10624,44997.67
TX504737,EMP10085,4442.9
TX505464,EMP10499,54767.77
TX502478,EMP11851,46259.44
TX500885,EMP11776,41579.79
TX501948,EMP10789,22605.81
TX501056,EMP10631,10208.17
TX503518,EMP10110,23776.97
TX501799,EMP10138,23719.45
TX504449,EMP11098,27405.37
TX504771,EMP11622,1920.42
TX504122,EMP11749,13813.6
TX500783,EMP11066,3530.62
TX502558,EMP11335,41825.3
TX502100,EMP11805,3322.67
TX502727,EMP10219,3015.02
TX501883,EMP11231,13075.7
TX500236,EMP10699,56693.24
TX503164,EMP10138,8252.52
TX500101,EMP10669,2872.12
TX503513,EMP11138,63527.8
TX503535,EMP11969,14073.15
TX503119,EMP10288,32378.94
TX505357,EMP11090,26665.41
TX501708,EMP11339,38181.14
TX502103,EMP10011,26064.46
TX503583,EMP11382,36922.43
TX500741,EMP10548,18567.34
TX504984,EMP11818,30341.24
TX502388,EMP11747,30079.8
TX502666,EMP11142,33773.9
TX502830,EMP11747,1522.24
TX501329,EMP10851,3549.66
TX505041,EMP11627,7408.38
TX503137,EMP10525,27372.27
TX503879,EMP11380,6398.75
TX505517,EMP11034,63846.46
TX505752,EMP11361,9182.83
TX504136,EMP11829,15102.68
TX503100,EMP11466,11426.4
TX503237,EMP10305,10012.59
TX500836,EMP10718,39360.84
TX504133,EMP11946,5862.23
TX505131,EMP10094,30734.35
TX505068,EMP11773,10373.64
TX502766,EMP10976,25017.18
TX501724,EMP10397,23445.5
TX505798,EMP10208,12764.05
TX503298,EMP11133,7787.55
TX501821,EMP11809,5973.42
TX500670,EMP11124,8450.39
TX500325,EMP11951,3838.99
TX504313,EMP10759,6402.99
TX501540,EMP11703,9269.72
TX502526,EMP11186,35688.35
TX504475,EMP10340,29965.82
TX504397,EMP11345,8123.0
TX502700,EMP10002,1918.62
TX501063,EMP10313,727.28
TX502601,EMP11525,22701.86
TX503918,EMP10748,1806.81
TX502870,EMP10976,9431.68
TX500866,EMP10190,62397.95
TX504176,EMP11493,3728.77
TX504292,EMP10635,59901.79
TX500085,EMP11378,2674.11
TX501862,EMP11924,29898.15
TX502865,EMP10710,27825.13
TX504557,EMP11078,33942.67
TX505155,EMP11401,8577.05
TX502547,EMP10735,13481.25
TX503640,EMP11940,59095.69
TX503888,EMP10214,1844.72
TX503421,EMP10319,1842.82
TX500777,EMP10082,14751.57
TX502009,EMP10206,38526.73
TX503994,EMP11712,30748.55
TX505766,EMP11661,21839.38
TX502515,EMP10686,45816.56
TX503785,EMP11463,20334.64
TX502984,EMP11435,29554.73
TX501110,EMP10367,4887.4
TX501869,EMP11396,9510.62
TX504220,EMP10739,519.93
TX503048,EMP10888,23674.51
TX500975,EMP10639,45893.2
TX500679,EMP10387,13602.53
TX502225,EMP10323,41346.94
TX502668,EMP11001,5658.23
TX500318,EMP10146,4871.67
TX505034,EMP11210,13852.86
TX502549,EMP10244,2062.96
TX505501,EMP10091,24357.85
TX500407,EMP10721,18576.35
TX505226,EMP10199,10116.71
TX502744,EMP11242,39789.19
TX504205,EMP10411,22753.24
TX503791,EMP11194,14685.16
TX505823,EMP11222,21166.96
TX500773,EMP10357,1639.12
TX503143,EMP11844,14723.43
TX500016,EMP10231,20483.74
TX501430,EMP10539,5086.86
TX501196,EMP11646,67108.72
TX502269,EMP10355,25109.2
TX501012,EMP11820,5100.2
TX502418,EMP11840,3318.37
TX504451,EMP10588,15333.64
TX500543,EMP10183,11985.46
TX505015,EMP11031,3478.34
TX501034,EMP10180,5228.37
TX500109,EMP10862,29630.22
TX504685,EMP10989,30367.64
TX500915,EMP10623,20627.73
TX501357,EMP10750,425.85
TX500438,EMP10844,2328.0
TX505640,EMP10427,30223.25
TX504849,EMP11119,56212.8
TX505163,EMP11840,30098.93
TX503673,EMP11147,2363.82
TX503377,EMP10647,4032.26
TX504270,EMP11048,33718.02
TX501228,EMP10451,9698.43
TX504375,EMP10370,22136.24
TX505172,EMP10239,37155.87
TX502461,EMP10266,21461.88
TX504929,EMP11187,4003.54
TX505946,EMP11728,4892.68
TX501920,EMP11820,1020.51
TX503614,EMP10350,29992.96
TX502168,EMP10938,611.05
TX503954,EMP11526,24662.07
TX502512,EMP11371,29063.54
TX503975,EMP10562,48985.45
TX500569,EMP10673,45170.89
TX505663,EMP11764,19920.0
TX503438,EMP10280,19843.58
TX500917,EMP11383,38581.26
TX502742,EMP11708,14686.09
TX501339,EMP11185,3519.74
TX503279,EMP10247,28773.36
TX502604,EMP10500,52880.28
TX504692,EMP10129,6374.34
TX502838,EMP11321,30037.2
TX502249,EMP11820,2910.82
TX505581,EMP10338,948.05
TX503933,EMP11250,23879.39
TX503737,EMP10139,33901.5
TX503440,EMP10361,11481.47
TX503931,EMP10806,46655.37
TX504286,EMP10557,17417.51
TX505255,EMP11154,31325.0
TX504554,EMP10827,52671.65
TX500078,EMP11032,7544.24
TX502224,EMP10875,2317.8
TX503654,EMP10168,43859.8
TX500226,EMP11070,26784.32
TX502466,EMP11627,22136.45
TX500311,EMP11046,4718.42
TX501325,EMP10698,34217.92
TX500745,EMP11660,4579.05
TX500079,EMP11570,27284.71
TX505584,EMP11504,29900.66
TX500664,EMP10894,2663.51
TX503942,EMP10846,9109.4
TX503582,EMP10493,47270.23
TX501098,EMP10013,106.59
TX504162,EMP10565,14770.98
TX502752,EMP11699,18819.33
TX500860,EMP11163,56091.14
TX500789,EMP10677,1973.86
TX501881,EMP11160,8044.64
TX502548,EMP10692,15906.62
TX503434,EMP11666,14560.38
TX500102,EMP10382,3398.48
TX503201,EMP11516,19729.18
TX504204,EMP10452,14706.43
TX503303,EMP10425,6612.56
TX500361,EMP10065,6009.21
TX504164,EMP11921,29135.56
TX502325,EMP11363,1447.52
TX501892,EMP11463,18862.92
TX505583,EMP10690,33380.91
TX502632,EMP11963,17369.75
TX504535,EMP11555,9762.31
TX501187,EMP11497,34045.41
TX500916,EMP11443,57922.44
TX504857,EMP11750,35145.59
TX500640,EMP10267,26821.01
TX502176,EMP11306,2405.47
TX501415,EMP11646,22987.9
TX503606,EMP11461,5310.6
TX500437,EMP10943,13757.59
TX503839,EMP11513,3638.76
TX501373,EMP10707,6944.84
TX502124,EMP10548,50943.01
TX501523,EMP11008,3892.79
TX503034,EMP10080,10865.74
TX502355,EMP11100,5403.08
TX504210,EMP11051,409.51
TX503575,EMP10038,8987.59
TX502166,EMP11560,31357.32
TX503474,EMP11952,15966.74
TX503536,EMP10543,18200.82
TX500090,EMP10329,8455.74
TX502335,EMP11575,4668.19
TX502652,EMP10928,5849.8
TX502817,EMP11173,46481.54
TX503626,EMP10288,2482.28
TX505867,EMP11274,16323.06
TX505084,EMP11597,34672.03
TX500080,EMP11281,8460.88
TX504497,EMP10162,25802.72
TX502680,EMP11577,8918.99
TX505424,EMP10779,3863.96
TX503276,EMP10997,19223.34
TX502946,EMP10763,40241.48
TX504674,EMP10305,11343.5
TX502811,EMP11400,8790.92
TX503479,EMP11221,9861.45
TX500031,EMP11234,31582.24
TX505386,EMP10140,5441.15
TX504001,EMP10147,45.72
TX504573,EMP11643,20046.74
TX502178,EMP11189,53106.93
TX504304,EMP11493,17087.62
TX503580,EMP11811,18062.45
TX500988,EMP10893,34783.87
TX500520,EMP11615,9543.23
TX504957,EMP11091,4811.34
TX504680,EMP10368,7452.38
TX503115,EMP10633,1561.06
TX502951,EMP10037,17307.67
TX504847,EMP10445,16919.58
TX505677,EMP11354,2705.01
TX505352,EMP11121,10443.21
TX502919,EMP11346,61661.98
TX501833,EMP10613,1003.13
TX502360,EMP10164,14326.13
TX504907,EMP10943,3263.5
TX501643,EMP10080,33797.96
TX504093,EMP10710,42622.71
TX503859,EMP10949,5576.3
TX501971,EMP11594,47373.51
TX505092,EMP11562,19156.95
TX505935,EMP11529,23814.06
TX503182,EMP10050,6758.56
TX500791,EMP11769,5392.63
TX500637,EMP11944,24578.28
TX501545,EMP11059,4516.04
TX502728,EMP11020,8822.63
TX503365,EMP10115,14437.47
TX502502,EMP10621,771.57
TX500677,EMP10678,24745.38
TX500206,EMP10032,7336.9
TX505067,EMP11448,61600.31
TX501685,EMP10288,1084.12
TX505948,EMP11901,30909.99
TX503919,EMP10588,6820.07
TX500675,EMP11453,4925.16
TX503472,EMP10708,32751.86
TX505315,EMP11601,8457.76
TX504545,EMP11127,2497.28
TX505132,EMP10485,6505.64
TX500524,EMP11399,863.44
TX503782,EMP11735,21703.24
TX501667,EMP11198,17804.79
TX505648,EMP11393,23217.66
TX500922,EMP10707,22257.54
TX502211,EMP11665,3868.5
TX505954,EMP10361,18624.51
TX503231,EMP11086,13551.65
TX503317,EMP11740,53439.01
TX503528,EMP10992,16115.67
TX503431,EMP10299,19010.89
TX505924,EMP10567,37460.75
TX501620,EMP11355,12576.89
TX504969,EMP11383,23382.25
TX500441,EMP11848,3524.05
TX502226,EMP10781,16016.82
TX500327,EMP10652,33817.22
TX504976,EMP11970,4547.07
TX501909,EMP11439,33599.58
TX501147,EMP10680,71536.81
TX503927,EMP11259,2806.67
TX501278,EMP11522,78808.9
TX502724,EMP10824,7902.86
TX501070,EMP10699,49203.22
TX503360,EMP11205,665.4
TX504556,EMP11774,29121.86
TX503533,EMP11688,6965.95
TX502765,EMP10152,64066.2
TX501782,EMP11095,9899.77
TX505124,EMP10867,30905.64
TX501116,EMP11228,22572.57
TX503288,EMP11221,4953.75
TX503118,EMP10181,38951.84
TX500610,EMP11970,31946.68
TX505185,EMP10055,10654.23
TX501966,EMP10895,10412.82
TX504958,EMP10782,19162.17
TX504879,EMP11823,6521.52
TX504832,EMP10508,53744.52
TX504240,EMP11492,5344.05
TX500752,EMP11643,16238.22
TX505151,EMP10588,13283.65
TX501447,EMP11873,24983.52
TX503659,EMP11685,5781.04
TX500960,EMP11551,16058.6
TX501021,EMP11984,2806.99
TX505174,EMP10007,3572.08
TX501642,EMP10874,48880.39
TX504610,EMP10571,13012.04
TX500394,EMP11134,30688.26
TX502792,EMP10419,33202.89
TX502524,EMP11525,44487.2
TX504427,EMP11034,41723.99
TX502873,EMP11739,671.25
TX501049,EMP11674,4622.3
TX501186,EMP11139,5396.26
TX500591,EMP10488,44367.35
TX502796,EMP99999,6743.4
TX501163,EMP10974,13139.47
TX501224,EMP11628,5796.6
TX502950,EMP11426,57419.28
TX502699,EMP10553,48310.49
TX505444,EMP11020,25007.16
TX503613,EMP11980,4838.63
TX503189,EMP11210,6930.62
TX500340,EMP10390,9091.08
TX503940,EMP11699,7782.89
TX502321,EMP11713,20061.89
TX500735,EMP11019,23565.12
TX505735,EMP11990,5110.55
TX503563,EMP11358,4962.07
TX504555,EMP10188,13044.59
TX501259,EMP11051,3817.32
TX501465,EMP10341,75440.89
TX504722,EMP11069,9844.12
TX501338,EMP10627,10303.2
TX503519,EMP11583,15956.01
TX503384,EMP10548,35021.79
TX501772,EMP10619,39221.44
TX505089,EMP11764,67247.4
TX502196,EMP10328,14134.48
TX503548,EMP10841,65575.82
TX503903,EMP11527,20237.27
TX504392,EMP10403,27064.99
TX503980,EMP10913,20875.29
TX501809,EMP11113,31357.07
TX505050,EMP10468,8873.82
TX503562,EMP10446,37516.68
TX501312,EMP11794,52592.8
TX501493,EMP11382,2774.7
TX503132,EMP11227,35976.73
TX500935,EMP11833,47040.0
TX500673,EMP10942,17321.71
TX500826,EMP10164,18065.49
TX503286,EMP10888,5651.02
TX501431,EMP10142,48699.08
TX502945,EMP11140,2829.05
TX500665,EMP10431,33908.38
TX501334,EMP11618,30594.8
TX503297,EMP10821,50954.31
TX500977,EMP11768,17436.78
TX503826,EMP10443,26818.54
TX501417,EMP11793,351.77
TX501120,EMP11066,25248.23
TX501820,EMP11671,768.73
TX502520,EMP10260,5564.32
TX504123,EMP11016,14685.18
TX503108,EMP11498,32233.67
TX502721,EMP10663,3849.46
TX503278,EMP11759,19247.23
TX504944,EMP10826,30250.34
TX501572,EMP10671,6967.73
TX503213,EMP11940,1084.97
TX503770,EMP10408,2770.58
TX501717,EMP11512,45945.02
TX502565,EMP11311,27157.89
TX502276,EMP11213,872.49
TX504577,EMP11753,15311.15
TX501977,EMP10837,5222.18
TX500965,EMP11008,7767.88
TX500597,EMP11412,21117.47
TX502369,EMP11319,36720.65
TX503383,EMP10792,16582.05
TX501795,EMP11099,56257.35
TX501383,EMP10494,5231.58
TX501388,EMP10372,22765.48
TX504243,EMP11289,6516.15
TX504604,EMP11282,22734.04
TX503978,EMP11713,12083.45
TX502867,EMP10832,20074.33
TX505617,EMP10569,6814.09
TX504924,EMP10118,10161.05
TX501483,EMP11999,31655.99
TX503632,EMP10431,13268.08
TX500798,EMP10430,34552.38
TX505827,EMP10901,10500.43
TX501382,EMP11750,35177.02
TX505883,EMP11345,3644.93
TX502251,EMP11052,2145.12
TX504330,EMP10013,17220.6
TX503126,EMP11205,19264.02
TX501541,EMP10880,47175.94
TX505881,EMP10972,7815.72
TX500754,EMP10979,7431.17
TX501169,EMP11292,33161.66
TX505606,EMP10329,779.06
TX505913,EMP11518,4263.33
TX500530,EMP11439,6202.25
TX500138,EMP10542,469.96
TX505999,EMP10414,36164.26
TX504965,EMP11133,11476.94
TX500507,EMP11994,38999.63
TX504887,EMP11738,16019.49
TX501596,EMP11850,3401.51
TX501126,EMP10358,58132.26
TX503815,EMP10542,21988.75
TX503893,EMP11418,70462.38
TX504474,EMP11307,4611.37
TX503068,EMP11832,6152.35
TX505218,EMP11005,9963.19
TX500211,EMP11950,1865.68
TX502131,EMP11073,25358.03
TX502895,EMP10846,5145.98
TX503074,EMP10429,18169.72
TX504766,EMP11022,36664.09
TX503604,EMP11860,23644.54
TX501073,EMP10861,16290.83
TX504486,EMP11152,26757.36
TX501066,EMP10013,92481.43
TX504266,EMP10427,40457.37
TX501921,EMP10663,26913.62
TX501613,EMP11013,19996.36
TX500766,EMP11122,8847.05
TX502384,EMP10586,61520.03
TX503682,EMP11321,2963.23
TX504324,EMP10470,23107.84
TX505326,EMP10529,64372.18
TX503062,EMP11876,2179.63
TX502764,EMP11168,1700.97
TX504801,EMP10325,21928.53
TX503335,EMP11006,9819.18
TX504014,EMP10833,2339.98
TX501134,EMP11570,23782.52
TX505319,EMP10226,32245.54
TX500815,EMP11782,16573.23
TX500091,EMP10277,4303.01
TX503603,EMP10953,3562.43
TX504398,EMP11338,14483.91
TX503862,EMP10098,6256.4
TX501149,EMP11675,23741.93
TX504797,EMP10431,1141.05
TX501808,EMP10228,31486.6
TX502433,EMP11572,8453.24
TX505684,EMP11300,3261.78
TX503327,EMP11903,9963.24
TX505657,EMP10062,25561.44
TX502256,EMP10034,9895.66
TX501117,EMP10662,285.74
TX504617,EMP10604,3078.16
TX501728,EMP11172,3782.98
TX505889,EMP11502,64277.76
TX500582,EMP10586,1783.42
TX503543,EMP11585,8578.51
TX505035,EMP10707,3819.62
TX501784,EMP10881,8298.97
TX504524,EMP10783,33838.85
TX505283,EMP10288,42669.87
TX505282,EMP11021,6026.1
TX500458,EMP11722,825.59
TX505449,EMP10468,11588.36
TX505611,EMP11623,18029.54
TX504018,EMP10354,14788.58
TX505144,EMP11976,6811.33
TX502871,EMP10537,22203.32
TX505707,EMP10116,12513.25
TX500210,EMP10157,25095.68
TX504199,EMP11064,1639.37
TX502985,EMP10716,12464.34
TX501007,EMP11708,16346.15
TX502242,EMP11746,21768.99
TX503688,EMP10738,7872.83
TX505628,EMP99999,1016.77
TX501028,EMP10623,3380.45
TX501378,EMP10181,13583.48
TX503609,EMP11955,2509.54
TX505279,EMP10810,6354.93
TX501794,EMP10023,47998.77
TX505688,EMP11584,3159.37
TX501524,EMP11536,562.79
TX500904,EMP11444,3170.7
TX503052,EMP10778,12763.37
TX503139,EMP10600,25406.01
TX505304,EMP10777,14308.05
TX501316,EMP10011,17209.35
TX502136,EMP11816,2643.8
TX504919,EMP10935,45036.8
TX505259,EMP10388,10701.91
TX501976,EMP10269,561.08
TX503196,EMP10396,32542.59
TX503417,EMP11054,12204.68
TX502142,EMP11879,62952.8
TX501360,EMP11376,7029.15
TX501762,EMP11442,15163.58
TX503511,EMP11700,3891.53
TX500613,EMP11084,31842.88
TX505331,EMP10214,12828.18
TX504160,EMP10742,3397.43
TX503274,EMP10505,27216.16
TX503700,EMP11239,32132.06
TX500728,EMP10923,42450.95
TX500910,EMP11220,13378.52
TX502791,EMP11498,10587.58
TX501752,EMP11576,2617.09
TX500697,EMP10279,55977.66
TX502876,EMP11129,31662.42
TX500790,EMP10160,2693.27
TX503929,EMP10901,21740.37
TX501806,EMP11349,16291.91
TX500484,EMP10315,1398.88
TX502055,EMP11093,23830.3
TX504886,EMP10766,17149.45
TX502592,EMP10028,11368.94
TX500448,EMP11223,4110.45
TX504111,EMP10332,4934.52
TX501269,EMP11146,23442.71
TX504068,EMP11333,42696.66
TX502343,EMP10752,1305.07
TX505939,EMP11687,31427.85
TX503685,EMP10968,30386.29
TX501479,EMP10888,41821.65
TX503000,EMP10119,31675.59
TX503411,EMP11683,33301.01
TX500433,EMP11586,6503.98
TX501985,EMP11278,62802.13
TX500289,EMP10672,3168.33
TX500804,EMP10943,3139.88
TX500908,EMP10446,16446.67
TX504731,EMP11089,15095.84
TX502290,EMP11334,6291.55
TX504036,EMP10151,14054.14
TX503894,EMP11582,32346.11
TX500405,EMP10772,10895.77
TX501952,EMP10293,20049.22
TX501192,EMP11512,48825.84
TX505767,EMP11229,1423.32
TX501328,EMP10740,11141.78
TX501043,EMP11597,59529.17
TX505718,EMP11299,69949.34
TX504552,EMP10611,6259.13
TX501494,EMP11579,37104.11
TX504495,EMP10251,17722.4
TX502198,EMP10600,1337.74
TX501172,EMP11807,70182.49
TX504316,EMP10222,8727.36
TX503658,EMP11294,1701.35
TX505044,EMP10976,6337.36
TX501264,EMP10435,37248.04
TX505854,EMP11297,7187.62
TX500057,EMP11841,3359.18
TX502003,EMP10603,1659.82
TX500369,EMP11475,14624.92
TX505027,EMP10118,22947.85
TX504571,EMP10979,745.31
TX500844,EMP11610,3131.52
TX501594,EMP10625,20495.15
TX503667,EMP11752,13044.41
TX504048,EMP10333,5728.1
TX503121,EMP10682,7442.55
TX500379,EMP10811,88794.96
TX500141,EMP11424,4968.01
TX505919,EMP10348,33071.46
TX503951,EMP10273,1526.28
TX502255,EMP10519,40751.57
TX502473,EMP11178,8963.88
TX502562,EMP10007,30335.05
TX504912,EMP11725,9593.61
TX504544,EMP11788,5393.5
TX501826,EMP11958,26786.61
TX504947,EMP11358,66490.17
TX501372,EMP10662,9141.74
TX505667,EMP10557,8439.12
TX502977,EMP11643,17297.45
TX504271,EMP11617,46025.49
TX500969,EMP11452,8210.93
TX504926,EMP11028,9887.16
TX503277,EMP10855,20144.09
TX503106,EMP11111,7155.12
TX503502,EMP10988,3240.46
TX502028,EMP11043,20043.37
TX504948,EMP10644,7576.76
TX503206,EMP10765,1175.82
TX503251,EMP10647,2667.59
TX505459,EMP11978,14388.95
TX500409,EMP10572,5339.0
TX502608,EMP10072,4435.11
TX501652,EMP10099,1592.48
TX502037,EMP10854,20264.51
TX502151,EMP10488,8249.0
TX501658,EMP11289,23600.54
TX501271,EMP11243,11412.03
TX500722,EMP10547,9672.96
TX500692,EMP10395,2382.54
TX504178,EMP11717,1006.56
TX505989,EMP11285,9092.07
TX505498,EMP11563,12967.19
TX500795,EMP10800,21971.62
TX505199,EMP10193,15222.07
TX501151,EMP10865,15154.69
TX500160,EMP10321,1355.97
TX505733,EMP11001,8619.38
TX505654,EMP11667,14630.54
TX505686,EMP11914,32098.91
TX502622,EMP10067,6779.98
TX500276,EMP11628,8247.99
TX504089,EMP11225,8585.78
TX500081,EMP11271,23190.95
TX502413,EMP10419,34515.63
TX505394,EMP11298,25305.0
TX502835,EMP11050,11134.82
TX501908,EMP10748,14806.09
TX505734,EMP10346,5856.8
TX503359,EMP10083,54040.54
TX502297,EMP10878,30895.51
TX501260,EMP11750,20372.52
TX504422,EMP11329,27915.78
TX505467,EMP10867,13191.26
TX504289,EMP10424,15191.37
TX502097,EMP11926,19335.52
TX503573,EMP10517,45468.56
TX501354,EMP11733,5631.48
TX503745,EMP11947,18033.26
TX503078,EMP11604,4409.3
TX501195,EMP10496,25941.97
TX500812,EMP10805,39589.47
TX503725,EMP11936,755.5
TX505703,EMP10374,33912.13
TX501785,EMP11337,903.05
TX500415,EMP11179,4088.81
TX504806,EMP11944,17156.37
TX501911,EMP11331,56932.99
TX500263,EMP11777,10364.72
TX505522,EMP10728,25797.55
TX500288,EMP10787,11903.98
TX500131,EMP10289,7011.84
TX504334,EMP11161,26326.14
TX503534,EMP11841,5268.39
TX503372,EMP11300,2253.33
TX504081,EMP11426,3268.23
TX503652,EMP10729,51584.49
TX503210,EMP11776,14860.51
TX505655,EMP11258,23694.31
TX504941,EMP10409,32498.65
TX504645,EMP10180,5186.31
TX504710,EMP10288,3116.89
TX500693,EMP11990,72831.58
TX505895,EMP11220,13731.88
TX505005,EMP10546,5427.43
TX504246,EMP11158,5401.72
TX503124,EMP11851,4473.9
TX505207,EMP10149,20478.45
TX500343,EMP10479,32133.26
TX504214,EMP10568,22950.06
TX505430,EMP11662,9503.77
TX503123,EMP10552,13794.23
TX504209,EMP11713,28636.45
TX505879,EMP11962,6342.37
TX502440,EMP11849,24107.66
TX502861,EMP10754,10474.54
TX500782,EMP11922,2169.7
TX502395,EMP11647,0.0
TX503092,EMP11275,7458.85
TX503751,EMP11277,12099.39
TX503531,EMP10025,3709.88
TX502615,EMP10406,37877.21
TX505817,EMP11355,27019.96
TX505546,EMP10374,36439.97
TX503072,EMP10254,49584.36
TX505069,EMP11463,36303.14
TX503069,EMP11993,5445.63
TX501244,EMP11135,28605.84
TX502505,EMP10448,13372.38
TX504479,EMP10310,18093.8
TX502844,EMP11325,9432.04
TX503158,EMP10329,15448.31
TX501951,EMP10972,1890.36
TX500563,EMP11506,7372.82
TX504321,EMP11813,16081.84
TX505293,EMP11756,3651.9
TX501411,EMP11515,20046.7
TX504782,EMP11273,2292.98
TX500253,EMP10270,26808.84
TX502238,EMP11572,13813.95
TX501742,EMP10726,22335.55
TX505101,EMP11241,13979.9
TX500710,EMP10991,28153.82
TX502092,EMP11640,13624.74
TX504144,EMP11562,4939.49
TX500139,EMP10301,23506.05
TX505059,EMP10579,2789.45
TX501097,EMP11155,3139.96
TX500599,EMP11950,29526.69
TX502639,EMP11427,17031.28
TX502014,EMP10310,21146.11
TX502962,EMP10365,2264.08
TX503381,EMP10771,7066.97
TX503029,EMP11741,17204.71
TX505880,EMP11900,12203.2
TX503130,EMP11276,24964.7
TX500314,EMP11976,11005.24
TX505366,EMP11532,15111.9
TX504257,EMP11032,1796.03
TX503127,EMP10442,345.49
TX503175,EMP10055,14326.57
TX500483,EMP11947,40667.89
TX501355,EMP10417,17919.07
TX502041,EMP11630,12813.51
TX502398,EMP11725,25986.02
TX500420,EMP10363,39036.67
TX504682,EMP11033,63775.46
TX502909,EMP11716,674.8
TX502316,EMP11861,49967.91
TX500541,EMP11698,21487.88
TX504791,EMP11183,22930.81
TX501822,EMP11420,21813.27
TX500146,EMP11529,7562.16
TX500545,EMP11963,36163.98
TX500874,EMP10207,2695.13
TX502886,EMP11109,17848.35
TX504245,EMP11256,9521.83
TX500459,EMP10735,5742.26
TX505937,EMP10915,8635.96
TX501102,EMP11210,2718.88
TX502445,EMP10293,14087.52
TX503549,EMP11001,28003.4
TX500055,EMP10340,35156.89
TX505706,EMP10544,23481.42
TX502596,EMP10521,3656.09
TX501632,EMP11685,11154.0
TX503014,EMP11323,54280.68
TX502574,EMP10285,12052.05
TX504218,EMP11756,37926.58
TX502779,EMP10961,11155.71
TX505700,EMP11232,24343.98
TX501625,EMP10293,1854.57
TX503188,EMP11790,44960.56
TX502960,EMP10408,13156.0
TX505914,EMP10828,9442.19
TX502391,EMP11280,14234.73
TX505490,EMP10595,67713.07
TX501077,EMP11871,11043.47
TX504385,EMP11822,35593.17
TX502139,EMP10738,4396.18
TX500159,EMP11009,40546.35
TX500075,EMP10362,3177.77
TX504464,EMP11075,73309.64
TX503713,EMP11910,4399.22
TX503170,EMP11637,643.65
TX501020,EMP10645,11677.05
TX502990,EMP10490,4728.04
TX502339,EMP10076,63450.2
TX501969,EMP11125,7206.89
TX505168,EMP11467,3488.0
TX505607,EMP10961,30383.96
TX502858,EMP11798,24903.53
TX503508,EMP11958,18789.97
TX501955,EMP11624,58647.11
TX505548,EMP11143,2135.09
TX500624,EMP10036,45039.34
TX501813,EMP10044,42346.16
TX505419,EMP11178,882.77
TX505582,EMP10458,83214.39
TX501561,EMP10207,16388.58
TX500838,EMP11999,4767.7
TX504914,EMP11869,19297.82
TX502597,EMP10046,59864.22
TX501744,EMP11871,1173.33
TX505865,EMP11821,26494.52
TX503866,EMP11996,4262.74
TX500713,EMP11899,30742.6
TX502279,EMP10332,5247.16
TX503605,EMP11110,45127.72
TX505082,EMP10394,7860.8
TX500376,EMP11818,41621.17
TX502498,EMP10887,43969.7
TX504605,EMP10672,20261.68
TX504452,EMP10160,70648.66
TX501621,EMP11301,3755.83
TX505063,EMP10004,47496.35
TX505698,EMP10514,38357.56
TX501519,EMP11501,15502.96
TX505528,EMP10753,47376.04
TX500303,EMP11415,2399.57
TX502344,EMP10196,0.0
TX503996,EMP11646,12860.01
TX505086,EMP10753,5179.07
TX500857,EMP10255,7589.64
TX501198,EMP10777,744.01
TX501152,EMP11537,2193.49
TX502375,EMP11586,2688.79
TX505750,EMP10628,29133.07
TX502169,EMP10290,29144.62
TX503807,EMP11995,14143.63
TX505240,EMP11261,17552.4
TX503159,EMP10884,15943.17
TX501535,EMP10790,52094.48
TX504338,EMP11703,49457.65
TX500954,EMP10810,82222.87
TX500230,EMP10443,18814.4
TX502250,EMP11216,4226.82
TX501978,EMP10855,33314.62
TX501841,EMP10839,6517.08
TX503406,EMP10008,9014.51
TX503458,EMP10588,34833.01
TX505010,EMP11554,43748.41
TX503259,EMP10158,17075.01
TX502324,EMP11197,15651.96
TX503205,EMP10874,13898.41
TX502438,EMP10739,24866.44
TX505866,EMP10368,491.49
TX501675,EMP11045,2931.8
TX505187,EMP11399,22659.01
TX504149,EMP11648,68662.39
TX500674,EMP11559,32520.45
TX502115,EMP11981,5567.67
TX502634,EMP10176,6321.16
TX501179,EMP11153,10266.3
TX500573,EMP11829,2905.69
TX504069,EMP11207,22207.53
TX504181,EMP11581,4782.23
TX500932,EMP11071,5256.45
TX505368,EMP10103,19673.19
TX504505,EMP11222,22804.53
TX503505,EMP11394,8174.74
TX502239,EMP11751,3237.85
TX505791,EMP11529,23927.62
TX501394,EMP11521,35316.22
TX500996,EMP10112,15180.0
TX505525,EMP10238,24333.65
TX500801,EMP11302,12377.62
TX503857,EMP10665,5834.0
TX504179,EMP11606,10702.56
TX503922,EMP10224,29294.12
TX503607,EMP11077,1228.86
TX505702,EMP10063,1973.24
TX503579,EMP10391,52477.09
TX501729,EMP10186,4441.57
TX501631,EMP10844,1802.34
TX505976,EMP11701,8797.3
TX501897,EMP10725,7651.67
TX502087,EMP11460,11738.78
TX501410,EMP11281,5083.61
TX500390,EMP11210,9135.78
TX500089,EMP11249,9191.7
TX505056,EMP11535,20147.25
TX502834,EMP11454,33959.27
TX500821,EMP11169,666.96
TX502641,EMP10263,38796.98
TX504168,EMP10560,17911.97
TX504677,EMP11538,8407.21
TX502299,EMP11783,19160.39
TX505719,EMP10692,13591.29
TX500984,EMP11700,19299.28
TX504055,EMP11735,10614.67
TX501215,EMP10437,65045.81
TX504005,EMP10039,12599.1
TX502718,EMP10953,9405.21
TX502063,EMP11199,5829.97
TX500469,EMP10709,29710.78
TX504028,EMP10719,2618.98
TX500444,EMP10942,52848.17
TX503834,EMP11333,20337.14
TX500401,EMP11351,41449.72
TX505523,EMP10907,15150.05
TX503868,EMP11721,47710.9
TX500846,EMP11583,6168.75
TX503300,EMP10264,19665.0
TX502345,EMP11558,6717.08
TX500324,EMP10109,3457.99
TX501702,EMP10145,51580.74
TX503117,EMP10747,53080.25
TX501636,EMP11545,10917.72
TX505114,EMP11088,2290.12
TX500809,EMP11339,1413.89
TX502831,EMP11644,32058.57
TX503804,EMP11850,26689.74
TX500207,EMP11836,2376.68
TX501059,EMP10733,4082.14
TX503459,EMP10953,9555.23
TX500256,EMP11382,6009.36
TX500151,EMP11051,5431.56
TX503379,EMP10638,16568.03
TX501501,EMP10550,4677.78
TX501672,EMP11482,42632.54
TX502600,EMP11425,10269.08
TX505863,EMP10560,2203.72
TX501676,EMP10102,5971.92
TX503027,EMP10503,13298.03
TX504131,EMP10450,23207.74
TX503738,EMP10081,62664.45
TX504366,EMP10932,26177.7
TX503838,EMP10388,2105.8
TX500999,EMP10960,3297.46
TX501256,EMP11623,9114.19
TX505323,EMP10753,49437.04
TX504537,EMP10240,23674.65
TX501611,EMP11643,4596.4
TX501029,EMP11765,9223.72
TX500500,EMP10993,38366.27
TX504520,EMP11861,12914.8
TX500961,EMP10494,31508.01
TX505119,EMP10735,12966.59
TX500474,EMP11506,83899.38
TX502773,EMP10721,11578.8
TX502500,EMP11284,17114.6
TX501159,EMP11978,4947.75
TX504341,EMP10151,38204.85
TX502172,EMP10226,26500.36
TX503214,EMP10373,9332.69
TX504000,EMP10372,54695.29
TX500878,EMP11970,93568.32
TX501236,EMP11561,37773.48
TX504769,EMP10346,35335.73
TX500967,EMP10323,32478.26
TX504531,EMP10915,26937.75
TX500962,EMP10989,32296.5
TX505714,EMP11665,14965.19
TX505150,EMP11277,228.16
TX503363,EMP11325,41313.58
TX501322,EMP11791,4916.41
TX505726,EMP11027,13329.38
TX502849,EMP11503,2953.72
TX504496,EMP10313,45348.98
TX504465,EMP10181,24454.98
TX501115,EMP10139,16145.3
TX502449,EMP10125,5975.03
TX504050,EMP10736,14157.98
TX500418,EMP10708,30842.71
TX503309,EMP11757,31537.97
TX501669,EMP10465,997.93
TX504410,EMP10321,2505.17
TX502410,EMP10781,14667.59
TX504359,EMP11394,5063.81
TX505111,EMP11629,25027.97
TX502248,EMP11780,6589.74
TX500581,EMP11856,31410.69
TX504407,EMP11172,42652.34
TX501755,EMP10635,348.08
TX500661,EMP10876,8032.08
TX505859,EMP11783,2246.41
TX500594,EMP11232,25948.79
TX501220,EMP11491,21803.68
TX503635,EMP10404,2873.49
TX505337,EMP10543,5113.32
TX505608,EMP10940,29188.86
TX505014,EMP10434,6507.9
TX503498,EMP11779,32143.4
TX500898,EMP11879,12848.52
TX505179,EMP10916,17036.34
TX503284,EMP11541,11686.5
TX500883,EMP10802,3483.12
TX504793,EMP10620,12385.48
TX501768,EMP10342,2824.07
TX501887,EMP10686,2834.6
TX500450,EMP11902,11770.62
TX504988,EMP10416,3172.49
TX505849,EMP11123,3668.96
TX505164,EMP10030,12964.87
TX502564,EMP10226,6492.56
TX503692,EMP10971,40465.46
TX500953,EMP11693,33996.76
TX504872,EMP11758,28508.58
TX501293,EMP10968,14032.33
TX502308,EMP10545,1939.29
TX503664,EMP10541,15450.91
TX503061,EMP11909,27089.27
TX503082,EMP10791,3457.79
TX502265,EMP10986,7473.93
TX505783,EMP10191,1787.09
TX501270,EMP10514,12590.39
TX504986,EMP10366,21013.15
TX501703,EMP10931,6095.94
TX500652,EMP10956,13863.49
TX501221,EMP10651,14014.43
TX501309,EMP11518,4787.58
TX502331,EMP11450,15499.24
TX500676,EMP11432,2227.73
TX503732,EMP10506,8034.74
TX501323,EMP11263,18692.65
TX500865,EMP10305,7564.01
TX504234,EMP11516,24126.49
TX503851,EMP10075,42979.54
TX502422,EMP10808,38720.46
TX503525,EMP11871,13444.93
TX501507,EMP11924,572.33
TX505725,EMP11597,0.0
TX505481,EMP10447,39753.81
TX505227,EMP11598,3015.5
TX500195,EMP11456,15886.53
TX504228,EMP11152,31954.51
TX504076,EMP10708,1185.97
TX505228,EMP11242,36052.16
TX500695,EMP10864,30083.37
TX502109,EMP11121,8726.52
TX505729,EMP11934,3095.78
TX502227,EMP11961,11558.87
TX503252,EMP11246,3501.42
TX503347,EMP10478,1868.2
TX500532,EMP11140,8044.18
TX505922,EMP10480,5746.87
TX504770,EMP10156,6718.28
TX502039,EMP11419,24525.7
TX503778,EMP11530,27960.64
TX503409,EMP11873,17121.68
TX502716,EMP10534,3516.94
TX505118,EMP10749,2008.43
TX505818,EMP10981,29902.93
TX503085,EMP10807,9273.09
TX502736,EMP10385,20979.6
TX504720,EMP11223,48358.41
TX503789,EMP10810,17443.63
TX505952,EMP10233,3768.07
TX502675,EMP10156,20365.42
TX504431,EMP10531,3470.56
TX504095,EMP11855,5040.58
TX500683,EMP10963,32572.37
TX503794,EMP10413,12307.43
TX501792,EMP10523,5691.85
TX501711,EMP10071,22599.09
TX500756,EMP10763,2287.62
TX501760,EMP10722,1740.7
TX504606,EMP11973,74755.81
TX504264,EMP10530,10551.07
TX504282,EMP10843,6036.71
TX504558,EMP10342,27322.37
TX505406,EMP11595,38308.7
TX503566,EMP11133,14473.44
TX505370,EMP10139,36380.84
TX501801,EMP11254,32076.0
TX500402,EMP11708,33605.68
TX503776,EMP11069,33073.77
TX503322,EMP10100,8116.08
TX501972,EMP10365,11682.99
TX503478,EMP11683,7300.2
TX504961,EMP10680,6324.96
TX502481,EMP10212,473.82
TX505672,EMP11796,9055.88
TX500307,EMP11215,78663.32
TX505029,EMP11647,48748.74
TX501356,EMP11575,14785.26
TX505957,EMP10299,1759.54
TX505062,EMP10434,18919.17
TX504369,EMP10187,8732.88
TX501999,EMP10883,7744.31
TX503008,EMP11074,8608.51
TX502906,EMP11336,24983.75
TX505120,EMP10819,63143.18
TX501873,EMP10655,8458.76
TX501945,EMP10630,19465.86
TX505209,EMP11951,202.82
TX502057,EMP10538,1623.82
TX504796,EMP10517,12419.91
TX504733,EMP10326,23795.52
TX504436,EMP10095,60444.5
TX505166,EMP10060,16226.21
TX501769,EMP10604,4689.15
TX501395,EMP11309,4612.64
TX505557,EMP11490,15598.16
TX504652,EMP10679,54744.53
TX503323,EMP11765,59421.35
TX503522,EMP11611,541.47
TX502000,EMP11521,15568.67
TX500042,EMP11791,9670.58
TX505953,EMP11752,50676.47
TX505418,EMP11141,70980.83
TX503841,EMP11626,27738.82
TX504730,EMP11039,13553.6
TX505233,EMP11385,59197.84
TX500957,EMP11003,6903.83
TX504101,EMP11635,15341.4
TX505393,EMP10211,84429.37
TX504620,EMP11813,13391.48
TX503054,EMP10500,14388.99
TX502607,EMP10680,12247.66
TX500734,EMP11003,2919.61
TX503800,EMP11608,9233.53
TX503809,EMP10623,3342.58
TX500833,EMP11151,9856.71
TX500861,EMP10378,21562.81
TX505347,EMP99999,8413.4
TX500362,EMP10305,12678.76
TX501502,EMP11255,8550.78
TX503258,EMP11108,5096.25
TX505788,EMP11985,10763.57
TX502130,EMP10027,3183.98
TX500853,EMP10260,27660.37
TX500268,EMP11016,29636.52
TX502152,EMP10808,13308.35
TX500829,EMP11918,5782.56
TX501619,EMP11840,29859.14
TX505287,EMP10559,20788.43
TX503752,EMP10158,3422.13
TX500266,EMP10780,8892.59
TX501634,EMP10776,36476.18
TX502535,EMP10160,2517.43
TX502531,EMP10557,13367.92
TX501974,EMP10044,50241.44
TX502853,EMP10450,37799.29
TX501262,EMP10500,33305.86
TX505443,EMP11776,15503.56
TX500963,EMP11795,13548.59
TX504826,EMP10740,2472.65
TX505576,EMP11795,2541.5
TX504743,EMP10331,18103.69
TX503425,EMP10745,8683.3
TX505926,EMP11609,1391.48
TX504091,EMP10625,24473.51
TX504426,EMP10769,9787.11
TX500312,EMP11523,5126.65
TX503806,EMP10593,28720.69
TX505830,EMP11448,16344.31
TX503946,EMP10634,4937.77
TX505117,EMP10028,57042.46
TX503494,EMP10563,29659.27
TX500198,EMP10261,12592.19
TX505325,EMP10562,15060.52
TX505716,EMP11042,40279.75
TX500515,EMP10597,10509.48
TX500168,EMP11210,7520.01
TX502731,EMP10214,1619.77
TX504145,EMP11758,73108.4
TX505978,EMP10298,27530.95
TX502826,EMP10026,60723.7
TX505675,EMP11835,29101.93
TX501712,EMP10069,960.04
TX500931,EMP11203,29837.99
TX503294,EMP11538,33503.76
TX503773,EMP10526,41349.67
TX504165,EMP11072,13941.44
TX503388,EMP11578,12307.16
TX504484,EMP11958,21658.77
TX505812,EMP11268,12363.76
TX504584,EMP10334,22703.29
TX503937,EMP11373,1989.82
TX503726,EMP10711,22462.43
TX505821,EMP11424,8158.05
TX500434,EMP11504,23061.01
TX504803,EMP11734,33088.61
TX500456,EMP10035,23709.62
TX505053,EMP11869,9811.91
TX504775,EMP11664,25149.4
TX500315,EMP11954,10805.08
TX503093,EMP10396,3713.13
TX504087,EMP11022,12656.19
TX500723,EMP11206,22016.26
TX505253,EMP10616,11882.19
TX503016,EMP11324,37215.2
TX500250,EMP11434,17230.9
TX501803,EMP11607,0.0
TX501506,EMP11689,15850.45
TX505410,EMP10863,10150.75
TX504905,EMP10966,17958.49
TX500968,EMP10114,18996.08
TX503374,EMP10037,1969.3
TX503270,EMP11129,44785.78
TX500187,EMP10366,8168.78
TX504882,EMP11494,7166.27
TX503597,EMP11454,26426.85
TX500557,EMP11306,654.02
TX504834,EMP10843,8150.2
TX505108,EMP11882,5596.6
TX505206,EMP11969,19727.12
TX502691,EMP10667,22017.52
TX505008,EMP11537,34639.45
TX502735,EMP10040,37807.73
TX504029,EMP10733,5700.41
TX502298,EMP11599,23980.59
TX504858,EMP10296,23429.56
TX502902,EMP10163,8955.08
TX500443,EMP11800,3385.4
TX503729,EMP99999,10815.64
TX505956,EMP10172,1516.26
TX505692,EMP11513,19308.87
TX501365,EMP11218,15782.78
TX500747,EMP11857,11620.8
TX501530,EMP11720,1266.74
TX503869,EMP10082,36102.27
TX501006,EMP10951,23522.64
TX505387,EMP11681,40738.91
TX503882,EMP10135,12678.06
TX504030,EMP10091,0.0
TX501915,EMP10657,10419.0
TX505116,EMP10656,1480.85
TX505727,EMP10688,4902.49
TX501188,EMP11059,13385.24
TX504698,EMP10219,44054.49
TX505378,EMP11693,18416.57
TX500748,EMP10042,414.86
TX503569,EMP11527,1770.95
TX500981,EMP11457,57870.52
TX501255,EMP10746,12899.8
TX501489,EMP10224,19571.93
TX504233,EMP11628,7864.13
TX500919,EMP11751,19836.77
TX500251,EMP10896,34378.4
TX502417,EMP11442,2575.61
TX504353,EMP10705,4548.73
TX500906,EMP10195,13306.26
TX501740,EMP11575,6810.54
TX503784,EMP10217,38312.12
TX504256,EMP11389,25589.78
TX503091,EMP11553,12367.81
TX502326,EMP11280,15394.47
TX501311,EMP11411,47534.07
TX504880,EMP11145,27489.41
TX501777,EMP10749,37771.87
TX504439,EMP10477,4655.41
TX504949,EMP10152,3795.63
TX501405,EMP10371,3618.41
TX501412,EMP10255,4007.45
TX500123,EMP11044,38607.15
TX501618,EMP11366,8718.21
TX503090,EMP10725,13484.23
TX501848,EMP10600,17676.38
TX501055,EMP10275,1952.01
TX502038,EMP11737,72346.3
TX501747,EMP10965,21496.88
TX504709,EMP10763,58947.05
TX504648,EMP11428,15647.96
TX503666,EMP10699,15711.24
TX502783,EMP10589,13569.63
TX504352,EMP11416,40074.77
TX505251,EMP11516,4343.19
TX502785,EMP11356,16349.12
TX501218,EMP11361,27323.87
TX500173,EMP10307,59784.28
TX501310,EMP11587,9339.38
TX502720,EMP10389,14017.13
TX500460,EMP11602,10013.12
TX503854,EMP10084,26092.51
TX500254,EMP10110,9999.6
TX501710,EMP10858,4531.06
TX503255,EMP10945,27133.08
TX501829,EMP11656,11157.78
TX500017,EMP11129,2155.42
TX501807,EMP10758,52708.07
TX505870,EMP11892,65266.76
TX502099,EMP10055,14018.01
TX500134,EMP11817,40314.35
TX501217,EMP10824,4579.0
TX501051,EMP11706,19774.53
TX505312,EMP11568,1812.7
TX504703,EMP11835,28936.48
TX501682,EMP10400,25593.99
TX504295,EMP11950,19402.6
TX502095,EMP10279,6503.64
TX503039,EMP11475,16859.45
TX500822,EMP11512,26460.52
TX504310,EMP11657,3971.05
TX501759,EMP10619,23412.21
TX500099,EMP11582,2392.82
TX502430,EMP10266,10371.64
TX502540,EMP11932,3598.76
TX501899,EMP11329,10394.91
TX504928,EMP11397,3947.97
TX505396,EMP10932,51099.92
TX501335,EMP10715,10995.74
TX501802,EMP11017,37027.7
TX503021,EMP11885,6733.92
TX505413,EMP10342,16710.19
TX505238,EMP11695,17716.32
TX502161,EMP11389,4740.48
TX500757,EMP10426,34585.79
TX503429,EMP10790,64754.22
TX505392,EMP10176,3215.87
TX505306,EMP11667,222.08
TX505541,EMP11283,23108.02
TX501094,EMP11059,11231.51
TX505967,EMP11661,40527.3
TX503194,EMP11799,8338.15
TX500244,EMP10344,28937.14
TX504094,EMP10382,32088.85
TX502257,EMP10252,27940.64
TX503987,EMP10803,26960.05
TX501011,EMP10818,13594.32
TX504611,EMP11607,13402.91
TX500032,EMP99999,34332.55
TX505513,EMP10219,24493.47
TX502427,EMP11924,17316.01
TX504851,EMP11742,5309.7
TX503592,EMP11861,365.22
TX505476,EMP10192,10053.95
TX505040,EMP11832,68206.61
TX503551,EMP11996,5599.06
TX501640,EMP11947,30259.37
TX501168,EMP11021,101685.51
TX504657,EMP11267,5796.84
TX503260,EMP10384,9359.22
TX503623,EMP10799,23020.38
TX504242,EMP10695,57695.43
TX504473,EMP10586,21451.45
TX504200,EMP10992,16312.16
TX502857,EMP11314,8505.43
TX500606,EMP10731,32740.21
TX502459,EMP10227,4240.78
TX502625,EMP11353,255.63
TX500367,EMP11958,1901.16
TX502098,EMP10003,26592.72
TX501754,EMP11571,20007.86
TX500740,EMP11560,9671.78
TX501148,EMP11214,10382.37
TX500700,EMP10891,10610.06
TX503560,EMP10486,30522.84
TX500181,EMP10029,19201.47
TX502045,EMP11150,15953.72
TX500135,EMP10597,23761.51
TX502642,EMP11189,7626.07
TX503584,EMP10923,45997.59
TX502229,EMP10071,25273.41
TX503619,EMP10897,11662.33
TX505560,EMP11635,26001.57
TX504655,EMP11326,809.78
TX503254,EMP11290,557.54
TX502001,EMP11204,9700.21
TX503571,EMP10510,49506.68
TX504867,EMP11082,8356.73
TX500628,EMP10626,58832.59
TX501313,EMP10253,11149.67
TX501877,EMP10261,46952.38
TX503113,EMP11058,2414.07
TX504355,EMP11391,18404.51
TX505604,EMP10205,40311.5
TX504983,EMP10121,28810.16
TX504444,EMP10222,45859.53
TX500072,EMP11323,2462.5
TX501485,EMP11667,75136.71
TX501397,EMP11818,11588.66
TX501988,EMP10866,5855.45
TX500858,EMP10272,9890.76
TX504656,EMP11089,2515.88
TX500643,EMP10005,10762.49
TX503094,EMP10178,16913.74
TX502893,EMP10679,22609.95
TX505741,EMP11596,21733.76
TX504760,EMP11211,22364.29
TX503936,EMP10180,21681.88
TX502396,EMP10355,4072.98
TX502611,EMP10579,21871.83
TX505824,EMP11005,11167.27
TX501960,EMP10872,16753.67
TX505763,EMP11226,1900.18
TX502557,EMP10708,67993.71
TX505322,EMP10178,26321.32
TX505381,EMP10898,20219.75
TX500814,EMP11206,64689.05
TX501713,EMP11729,2703.38
TX500706,EMP10699,6856.02
TX501084,EMP10071,12581.87
TX505506,EMP11983,38846.41
TX504763,EMP10633,8465.63
TX504992,EMP11355,5151.79
TX501607,EMP10593,4645.99
TX502972,EMP10448,3989.95
TX501933,EMP11649,50633.64
TX500269,EMP11960,89752.41
TX502177,EMP11976,5511.23
TX500491,EMP10344,20344.79
TX500508,EMP11530,23901.87
TX501237,EMP11951,12108.4
TX505515,EMP10494,13907.04
TX502879,EMP10679,9793.11
TX502460,EMP11870,41673.48
TX502434,EMP11037,0.0
TX502808,EMP11953,22841.21
TX504108,EMP11813,22578.4
TX503847,EMP11782,35669.32
TX500889,EMP11484,18992.05
TX504374,EMP10164,9876.72
TX501623,EMP11464,27026.71
TX504956,EMP11844,2779.28
TX504626,EMP10417,20449.89
TX501445,EMP10191,10849.44
TX504275,EMP11584,30445.74
TX505805,EMP11599,12434.36
TX504821,EMP10929,36350.49
TX503739,EMP11560,6965.5
TX500780,EMP11460,8811.28
TX501764,EMP11665,18848.03
TX503287,EMP11608,23322.97
TX504429,EMP10058,9419.52
TX502199,EMP10646,3641.48
TX502743,EMP10578,8323.95
TX505553,EMP11402,10957.26
TX504702,EMP11162,10593.05
TX500204,EMP11753,21390.24
TX503055,EMP10948,6585.7
TX503165,EMP11278,17553.68
TX500333,EMP10356,760.69
TX503104,EMP11206,30016.91
TX502074,EMP11328,21165.97
TX504125,EMP10955,51644.9
TX505256,EMP10995,7891.89
TX500785,EMP99999,9207.42
TX502035,EMP11480,31064.58
TX502330,EMP11170,37591.62
TX504819,EMP10324,10508.78
TX504450,EMP11211,15955.45
TX505845,EMP10599,12546.67
TX503783,EMP11120,24044.1
TX504839,EMP11061,41897.09
TX500503,EMP11670,22496.49
TX503340,EMP11734,23631.22
TX501087,EMP11257,9271.8
TX500194,EMP10062,19776.29
TX500221,EMP10038,11170.21
TX500011,EMP11218,4197.88
TX500148,EMP11681,47086.69
TX504695,EMP10045,30444.74
TX501846,EMP11782,12764.76
TX503334,EMP10937,15294.35
TX500528,EMP11603,17418.8
TX504723,EMP10256,60882.46
TX502729,EMP11238,6812.22
TX501910,EMP11104,54737.57
TX500709,EMP11040,4749.61
TX504102,EMP10134,6890.35
TX504918,EMP10169,37224.46
TX503114,EMP10267,19156.77
TX503598,EMP11688,15862.43
TX502846,EMP10466,81908.41
TX501987,EMP11659,10531.03
TX500698,EMP10112,15506.84
TX503572,EMP11265,19327.62
TX503083,EMP10549,18048.83
TX502456,EMP10544,16722.69
TX503275,EMP11108,31766.62
TX505559,EMP10927,8488.15
TX502665,EMP11361,0.0
TX501812,EMP99999,17118.91
TX505011,EMP11391,13885.12
TX505145,EMP11884,13397.1
TX500749,EMP11932,14104.2
TX503371,EMP11797,12916.31
TX504540,EMP10900,31741.82
TX505779,EMP11355,27236.38
TX502513,EMP11509,5926.19
TX505682,EMP10817,44117.79
TX501587,EMP10455,80094.83
TX503308,EMP11470,4175.44
TX501656,EMP10183,10951.73
TX503957,EMP10625,12519.65
TX500006,EMP11528,2296.0
TX505569,EMP11788,56187.3
TX503541,EMP11616,38523.88
TX504217,EMP10112,8475.62
TX504772,EMP10150,10416.65
TX504004,EMP10818,10536.19
TX504885,EMP11478,2613.63
TX505862,EMP10287,27855.16
TX501287,EMP11262,326.33
TX501603,EMP10606,24565.6
TX503740,EMP11822,12606.39
TX501421,EMP10793,7023.81
TX505945,EMP10380,27734.61
TX500338,EMP10389,33318.54
TX504616,EMP10421,14497.49
TX504688,EMP11777,21105.71
TX501678,EMP11149,596.48
TX502191,EMP11532,16931.92
TX505710,EMP11065,36710.67
TX502114,EMP11274,32341.64
TX505028,EMP11357,34141.12
TX505592,EMP11063,29142.86
TX502475,EMP10105,7768.83
TX500519,EMP10290,11772.6
TX502079,EMP11239,35579.92
TX502618,EMP11485,13221.01
TX502747,EMP11782,13483.17
TX500510,EMP11057,19254.62
TX500884,EMP11868,35271.84
TX501859,EMP11919,17825.03
TX502748,EMP11390,17556.39
TX505338,EMP11350,9542.93
TX501776,EMP10037,28920.14
TX501855,EMP10024,742.01
TX504175,EMP11488,30347.68
TX500955,EMP11042,14262.8
TX502271,EMP11470,6681.01
TX502908,EMP11340,4489.91
TX502497,EMP10734,29353.56
TX503162,EMP11437,33713.55
TX503155,EMP10280,14087.92
TX504622,EMP11983,38061.56
TX502207,EMP10256,20291.36
TX501512,EMP10133,3100.04
TX502123,EMP10180,22558.68
TX502429,EMP11922,7942.7
TX502576,EMP11417,10875.26
TX504008,EMP10829,5235.82
TX503707,EMP10465,8271.33
TX505002,EMP10212,11497.5
TX503142,EMP10224,1797.18
TX501498,EMP11075,20759.62
TX500265,EMP10320,48224.27
TX505722,EMP10105,39157.01
TX504435,EMP10008,23234.11
TX504862,EMP11330,38116.75
TX504923,EMP10917,3258.53
TX500521,EMP10605,4306.19
TX503754,EMP11191,3966.76
TX504169,EMP11960,4813.44
TX503814,EMP11171,11485.03
TX504206,EMP10452,13205.52
TX500092,EMP10075,48012.39
TX505647,EMP11542,13062.03
TX504876,EMP11941,36891.4
TX502587,EMP11385,29419.11
TX502741,EMP11094,2395.4
TX504734,EMP11890,22274.86
TX503530,EMP11605,23837.35
TX502521,EMP11602,40989.05
TX503009,EMP11127,24879.56
TX502007,EMP10435,6102.33
TX505416,EMP11381,4545.41
TX505438,EMP11469,6205.31
TX501274,EMP10397,16921.76
TX500026,EMP10359,37942.83
TX505782,EMP10394,36216.48
TX503203,EMP11907,54754.54
TX505933,EMP11804,22760.78
TX503898,EMP10757,8687.22
TX503470,EMP11218,6877.27
TX504382,EMP11526,30444.38
TX503362,EMP11722,0.0
TX502404,EMP11422,4722.07
TX505678,EMP10359,20943.93
TX500763,EMP11807,4001.43
TX504936,EMP10178,18214.35
TX502107,EMP11919,3168.59
TX501614,EMP10110,502.29
TX500705,EMP11806,28089.09
TX505232,EMP11538,7698.27
TX500111,EMP10191,9317.75
TX503825,EMP10734,9643.43
TX503392,EMP10100,37534.25
TX501130,EMP11725,10458.71
TX500872,EMP10215,628.07
TX502763,EMP11375,550.45
TX505653,EMP11125,11325.5
TX504395,EMP10542,22654.36
TX505868,EMP11224,11200.9
TX501420,EMP11262,10886.09
TX505423,EMP11516,48750.02
TX501832,EMP10073,38876.32
TX501478,EMP11521,24917.82
TX504757,EMP10019,533.32
TX502383,EMP11409,11582.29
TX503355,EMP11019,7889.57
TX502815,EMP11492,8341.84
TX501471,EMP11971,961.28
TX503926,EMP10196,15228.85
TX500979,EMP11016,29005.49
TX505564,EMP10105,16915.77
TX505177,EMP11164,10699.25
TX504383,EMP11082,5787.18
TX502020,EMP11773,27417.37
TX501928,EMP10887,0.0
TX503663,EMP11591,6503.07
TX500950,EMP11287,26277.35
TX505076,EMP10195,1708.23
TX502218,EMP11785,39844.37
TX502374,EMP10161,10963.71
TX501783,EMP11341,9460.34
TX505324,EMP10002,12170.93
TX504612,EMP10313,8148.53
TX500928,EMP10718,3644.24
TX501303,EMP10244,6951.27
TX503299,EMP11303,15280.03
TX503218,EMP11509,7135.91
TX503226,EMP10584,12297.53
TX505401,EMP11077,32428.03
TX504153,EMP10238,17450.15
TX504042,EMP10539,34884.7
TX501810,EMP11807,4630.33
TX505537,EMP10605,387.87
TX505333,EMP10357,2005.12
TX502332,EMP11966,14823.7
TX504287,EMP10481,7710.68
TX502828,EMP11930,42285.87
TX500391,EMP10011,3776.18
TX500386,EMP11725,13365.55
TX505460,EMP10974,9333.55
TX503086,EMP11501,49540.78
TX504788,EMP11743,2864.68
TX500696,EMP11477,44374.0
TX504829,EMP11688,14514.99
TX502034,EMP10506,26922.92
TX505511,EMP11049,6906.81
TX505358,EMP11547,1271.56
TX504900,EMP11522,56088.14
TX502755,EMP10537,5466.31
TX502420,EMP11704,3617.03
TX505388,EMP10126,12370.34
TX500873,EMP10307,1332.68
TX500504,EMP11025,32756.77
TX505838,EMP11684,14441.16
TX504207,EMP11431,8757.38
TX504377,EMP11503,37212.54
TX501145,EMP10886,21075.33
TX504754,EMP11975,2115.51
TX502586,EMP10584,16011.57
TX503660,EMP11638,1571.45
TX500083,EMP10792,16193.7
TX505747,EMP10263,48250.24
TX504624,EMP11995,724.19
TX503153,EMP10976,21732.27
TX503679,EMP10601,21400.61
TX502312,EMP11307,11725.8
TX502986,EMP11388,6284.96
TX505603,EMP11818,59345.4
TX505970,EMP10227,748.96
TX502403,EMP11547,1734.59
TX505615,EMP11756,9521.01
TX502287,EMP11217,15007.32
TX500800,EMP10852,58958.6
TX500925,EMP10096,2357.09
TX502163,EMP11040,3114.52
TX501212,EMP11513,4737.62
TX505670,EMP11489,11433.3
TX505626,EMP11172,37964.75
TX505178,EMP10402,16493.79
TX501551,EMP11313,17001.98
TX502048,EMP11941,31252.03
TX504394,EMP11337,49381.34
TX500400,EMP10555,14852.44
TX500308,EMP10536,11253.61
TX505846,EMP11993,17454.19
TX505633,EMP10353,28182.65
TX503695,EMP11969,383.4
TX505313,EMP11041,3388.27
TX504942,EMP10740,2491.63
TX504223,EMP11583,7936.04
TX502704,EMP11026,33067.67
TX503577,EMP11092,16567.85
TX502929,EMP10450,58826.12
TX501302,EMP11688,9042.0
TX504372,EMP10243,8536.89
TX502968,EMP10973,12547.03
TX504080,EMP11453,8662.8
TX502175,EMP10374,4387.81
TX505300,EMP10963,12099.73
TX505563,EMP10704,528.82
TX505755,EMP11429,26578.22
TX500490,EMP10035,49118.96
TX500392,EMP10195,6796.87
TX500449,EMP10738,2154.63
TX504151,EMP11419,38195.93
TX502285,EMP11183,5051.7
TX505100,EMP10084,5859.45
TX503610,EMP11849,18072.38
TX500604,EMP10712,34889.79
TX500892,EMP11249,20241.52
TX503352,EMP10330,78856.92
TX502965,EMP10392,12466.87
TX505643,EMP11660,63614.79
TX503507,EMP11862,8862.49
TX501067,EMP10328,48992.14
TX500290,EMP10975,14146.83
TX500446,EMP11614,51563.94
TX501564,EMP11693,29778.25
TX503755,EMP10979,1402.37
TX504119,EMP10070,39512.02
TX503913,EMP10620,14684.09
TX501753,EMP10464,6760.24
TX504529,EMP10631,28562.87
TX503339,EMP10221,4038.6
TX503821,EMP10502,9936.67
TX505746,EMP10214,3912.78
TX502155,EMP11838,13472.4
TX501455,EMP11777,27451.89
TX505094,EMP10653,20235.37
TX505650,EMP11684,4189.27
TX503212,EMP10289,27664.34
TX502878,EMP11326,6384.93
TX502376,EMP10758,50253.89
TX501677,EMP11422,36182.37
TX501558,EMP11450,2901.24
TX500354,EMP11406,21718.9
TX500539,EMP11135,8771.29
TX504920,EMP11902,6491.53
TX504315,EMP10525,8390.26
TX503445,EMP11698,10714.37
TX504186,EMP10138,34474.82
TX500165,EMP11869,9680.38
TX505085,EMP10855,8042.91
TX501433,EMP11595,18183.71
TX501306,EMP11571,31432.99
TX503585,EMP10390,57078.71
TX504254,EMP11462,31811.83
TX503674,EMP11235,13079.97
TX505910,EMP11769,20338.06
TX505239,EMP11831,15952.1
TX501913,EMP11491,52008.51
TX503714,EMP10194,27630.47
TX502798,EMP11520,22931.15
TX505624,EMP10033,10549.52
TX503073,EMP10162,20713.6
TX500024,EMP10025,15182.78
TX500425,EMP10031,14700.8
TX504541,EMP11180,50868.47
TX501229,EMP11054,2144.42
TX505800,EMP10298,7006.68
TX500281,EMP10815,36069.67
TX501553,EMP11930,23622.63
TX500714,EMP11284,4980.52
TX501069,EMP10032,336.87
TX502837,EMP11300,7816.54
TX502008,EMP11468,8261.37
TX500525,EMP10180,19610.63
TX500514,EMP10832,9142.56
TX503831,EMP11928,20562.08
TX504865,EMP11280,44961.31
TX503594,EMP11644,49805.51
TX505248,EMP11484,5685.2
TX501450,EMP10463,19372.1
TX504669,EMP10434,9384.58
TX503669,EMP11550,16894.06
TX502327,EMP11930,50838.81
TX503138,EMP10240,5399.6
TX504391,EMP11914,22080.22
TX503527,EMP11781,40646.61
TX504437,EMP10837,5214.48
TX504332,EMP10137,2223.84
TX504979,EMP10144,12803.52
TX501258,EMP10959,21349.95
TX505288,EMP10930,1584.69
TX505918,EMP10106,35005.28
TX500548,EMP11295,50130.23
TX500120,EMP11841,10227.55
TX502340,EMP10999,22416.88
TX505664,EMP10530,7978.39
TX502203,EMP10951,3087.0
TX500130,EMP11607,11459.08
TX501326,EMP11381,26077.63
TX504047,EMP11324,0.0
TX501831,EMP11273,12806.11
TX504852,EMP10411,8111.69
TX500912,EMP11320,84887.3
TX501466,EMP11152,34084.96
TX501053,EMP11572,7281.9
TX503988,EMP10074,82621.86
TX502329,EMP10619,4108.71
TX505614,EMP11618,21671.96
TX500792,EMP10278,8547.63
TX503672,EMP11733,14052.79
TX502280,EMP11703,19420.41
TX505379,EMP11619,10127.25
TX503444,EMP11533,2514.08
TX501635,EMP10401,14897.49
TX500021,EMP11065,15024.73
TX503835,EMP11733,15846.03
TX504137,EMP11580,6558.84
TX505509,EMP10421,12148.26
TX500669,EMP10849,2912.74
TX503798,EMP10329,10241.68
TX500990,EMP11551,29760.01
TX504303,EMP99999,82975.64
TX501893,EMP11877,5943.68
TX504974,EMP11653,17051.05
TX500239,EMP10598,7317.52
TX501789,EMP10055,15111.3
TX501823,EMP11395,3226.14
TX501112,EMP11613,9660.51
TX505048,EMP10290,2267.43
TX501886,EMP10331,11978.07
TX505091,EMP10827,3283.57
TX505083,EMP10867,6450.97
TX505962,EMP10285,10256.11
TX504485,EMP11846,1213.92
TX502612,EMP11707,63660.38
TX500019,EMP10350,3707.15
TX502832,EMP11711,451.92
TX505109,EMP10590,8451.92
TX505771,EMP10982,17968.17
TX505651,EMP10864,24127.79
TX501984,EMP10416,29882.05
TX502073,EMP10312,8620.68
TX501285,EMP10308,23571.55
TX505731,EMP11402,12301.09
TX501086,EMP10003,4384.04
TX501444,EMP11124,20425.53
TX505831,EMP10097,4924.95
TX502174,EMP11158,25443.9
TX504639,EMP11038,16555.4
TX503451,EMP11631,23619.46
TX500009,EMP10094,14816.08
TX502382,EMP10988,866.36
TX500633,EMP11243,23082.91
TX503467,EMP11592,21939.8
TX501721,EMP10837,4216.46
TX501100,EMP10641,2069.45
TX504342,EMP11594,4303.47
TX504013,EMP10111,3905.84
TX504812,EMP10147,36233.87
TX500992,EMP10525,26036.97
TX505276,EMP10326,45784.37
TX502889,EMP11656,2993.31
TX503442,EMP10006,2184.67
TX501374,EMP10994,10435.05
TX502840,EMP10548,7456.25
TX505810,EMP11518,5811.29
TX505451,EMP10886,2292.56
TX503803,EMP10202,55397.72
TX502366,EMP10673,49375.91
TX502173,EMP10277,35481.28
TX505959,EMP11740,45151.31
TX501155,EMP11904,2501.33
TX501076,EMP11454,16660.57
TX501817,EMP11075,47349.77
TX504823,EMP10676,49477.58
TX502952,EMP10969,12745.49
TX500020,EMP10447,7086.2
TX500549,EMP10076,1217.95
TX500985,EMP10365,28381.15
TX501170,EMP10127,14348.32
TX501392,EMP10595,25673.02
TX503756,EMP10659,17115.54
TX503187,EMP11380,65439.75
TX503961,EMP10701,26881.57
TX500228,EMP11995,11379.36
TX505428,EMP11655,34547.73
TX500948,EMP11496,1375.78
TX500509,EMP10213,2858.37
TX502776,EMP10168,7634.43
TX503506,EMP10976,8710.97
TX500662,EMP11994,5115.75
TX504461,EMP11886,6447.73
TX502602,EMP10019,50278.77
TX502669,EMP10614,21726.91
TX505646,EMP11646,7841.41
TX501160,EMP10714,4895.63
TX503136,EMP11585,551.15
TX505801,EMP11938,1641.45
TX502380,EMP11261,14868.65
TX501516,EMP10602,24004.39
TX500053,EMP11586,2952.16
TX505267,EMP10202,30210.62
TX505631,EMP10383,8773.96
TX501730,EMP11635,21238.73
TX502944,EMP10461,200.78
TX505210,EMP10351,13087.24
TX502206,EMP11602,8347.89
TX503768,EMP10850,20726.16
TX503357,EMP10723,10966.63
TX504902,EMP10697,13868.0
TX504937,EMP11310,8095.47
TX502101,EMP11614,6155.84
TX504521,EMP10805,34496.46
TX500951,EMP11212,8956.15
TX500939,EMP11531,11940.6
TX500488,EMP11117,35727.58
TX505723,EMP11062,1155.89
TX504041,EMP10926,4072.83
TX500666,EMP10789,16473.27
TX502610,EMP11521,11789.63
TX503616,EMP11557,25706.98
TX502717,EMP10024,7931.58
TX504150,EMP11157,17575.26
TX500817,EMP11262,1293.89
TX501272,EMP10337,10501.26
TX504697,EMP10336,13390.61
TX501591,EMP10032,17705.6
TX500274,EMP11461,27155.26
TX500946,EMP10863,3516.76
TX502820,EMP10916,51261.43
TX500781,EMP11725,91981.3
TX502464,EMP10388,18320.41
TX502499,EMP10559,11050.21
TX505931,EMP11240,1491.23
TX504193,EMP10728,17149.76
TX502140,EMP10589,37182.12
